id,firstname,lastname,email,email2,profession
100,Corry,Mayeda,Corry.Mayeda@yopmail.com,Corry.Mayeda@gmail.com,doctor
101,Basia,Sidonius,Basia.Sidonius@yopmail.com,Basia.Sidonius@gmail.com,worker
102,Gilligan,Dichy,Gilligan.Dichy@yopmail.com,Gilligan.Dichy@gmail.com,worker
103,Carmela,Gordon,Carmela.Gordon@yopmail.com,Carmela.Gordon@gmail.com,firefighter
104,Trixi,Vivle,Trixi.Vivle@yopmail.com,Trixi.Vivle@gmail.com,developer
105,Brooks,Telfer,Brooks.Telfer@yopmail.com,Brooks.Telfer@gmail.com,developer
106,Constance,Garbe,Constance.Garbe@yopmail.com,Constance.Garbe@gmail.com,worker
107,Elora,Lissi,Elora.Lissi@yopmail.com,Elora.Lissi@gmail.com,developer
108,Florencia,Lamoree,Florencia.Lamoree@yopmail.com,Florencia.Lamoree@gmail.com,doctor
109,Maurene,Carlson,Maurene.Carlson@yopmail.com,Maurene.Carlson@gmail.com,doctor